{
  "Total" : {
    "transaction" : "Total",
    "sampleCount" : 50000,
    "errorCount" : 0,
    "errorPct" : 0.0,
    "meanResTime" : 111.265840000001,
    "medianResTime" : 108.0,
    "minResTime" : 29.0,
    "maxResTime" : 2031.0,
    "pct1ResTime" : 131.0,
    "pct2ResTime" : 139.0,
    "pct3ResTime" : 158.0,
    "throughput" : 304.2176738299788,
    "receivedKBytesPerSec" : 95.36511064396798,
    "sentKBytesPerSec" : 122.36815467453273
  },
  "Invoke KVContract.put" : {
    "transaction" : "Invoke KVContract.put",
    "sampleCount" : 50000,
    "errorCount" : 0,
    "errorPct" : 0.0,
    "meanResTime" : 111.265840000001,
    "medianResTime" : 108.0,
    "minResTime" : 29.0,
    "maxResTime" : 2031.0,
    "pct1ResTime" : 131.0,
    "pct2ResTime" : 139.0,
    "pct3ResTime" : 158.0,
    "throughput" : 304.2176738299788,
    "receivedKBytesPerSec" : 95.36511064396798,
    "sentKBytesPerSec" : 122.36815467453273
  }
}